track,frame,ptr,frequency,delay,target,step,slide_current
SAFARI_ZONE,0,18,1548,6,1899,1899,0
SAFARI_ZONE,1,18,1899,5,1899,1899,0
SAFARI_ZONE,2,18,1899,4,1899,1899,0
SAFARI_ZONE,3,18,1899,3,1899,1899,0
SAFARI_ZONE,4,18,1899,2,1899,1899,0
SAFARI_ZONE,5,18,1899,1,1899,1899,0
SAFARI_ZONE,6,22,1714,6,1899,0,1899
SAFARI_ZONE,7,22,1714,5,1899,0,1899
SAFARI_ZONE,8,22,1714,4,1899,0,1899
SAFARI_ZONE,9,22,1714,3,1899,0,1899
SAFARI_ZONE,10,22,1714,2,1899,0,1899
SAFARI_ZONE,11,22,1714,1,1899,0,1899
SAFARI_ZONE,12,26,1548,6,1899,185,1714
SAFARI_ZONE,13,26,1733,5,1899,185,1714
SAFARI_ZONE,14,26,1899,4,1899,185,1714
SAFARI_ZONE,15,26,1899,3,1899,185,1714
SAFARI_ZONE,16,26,1899,2,1899,185,1714
SAFARI_ZONE,17,26,1899,1,1899,185,1714
SAFARI_ZONE,18,30,1714,6,1899,0,1899
SAFARI_ZONE,19,30,1714,5,1899,0,1899
SAFARI_ZONE,20,30,1714,4,1899,0,1899
SAFARI_ZONE,21,30,1714,3,1899,0,1899
SAFARI_ZONE,22,30,1714,2,1899,0,1899
SAFARI_ZONE,23,30,1714,1,1899,0,1899
SAFARI_ZONE,24,31,0,25,1899,0,1899
SAFARI_ZONE,25,31,0,24,1899,0,1899
SAFARI_ZONE,26,31,0,23,1899,0,1899
SAFARI_ZONE,27,31,0,22,1899,0,1899
SAFARI_ZONE,28,31,0,21,1899,0,1899
SAFARI_ZONE,29,31,0,20,1899,0,1899
SAFARI_ZONE,30,31,0,19,1899,0,1899
SAFARI_ZONE,31,31,0,18,1899,0,1899
SAFARI_ZONE,32,31,0,17,1899,0,1899
SAFARI_ZONE,33,31,0,16,1899,0,1899
SAFARI_ZONE,34,31,0,15,1899,0,1899
SAFARI_ZONE,35,31,0,14,1899,0,1899
SAFARI_ZONE,36,31,0,13,1899,0,1899
SAFARI_ZONE,37,31,0,12,1899,0,1899
SAFARI_ZONE,38,31,0,11,1899,0,1899
SAFARI_ZONE,39,31,0,10,1899,0,1899
SAFARI_ZONE,40,31,0,9,1899,0,1899
SAFARI_ZONE,41,31,0,8,1899,0,1899
SAFARI_ZONE,42,31,0,7,1899,0,1899
SAFARI_ZONE,43,31,0,6,1899,0,1899
SAFARI_ZONE,44,31,0,5,1899,0,1899
SAFARI_ZONE,45,31,0,4,1899,0,1899
SAFARI_ZONE,46,31,0,3,1899,0,1899
SAFARI_ZONE,47,31,0,2,1899,0,1899
SAFARI_ZONE,48,31,0,1,1899,0,1899
SAFARI_ZONE,49,53,1548,25,1899,0,1899
track,frame,ptr,frequency,delay,target,step,slide_current
PKMNHEALED,0,11,0,13,0,0,0
PKMNHEALED,1,11,0,12,0,0,0
PKMNHEALED,2,11,0,11,0,0,0
PKMNHEALED,3,11,0,10,0,0,0
PKMNHEALED,4,11,0,9,0,0,0
PKMNHEALED,5,11,0,8,0,0,0
PKMNHEALED,6,11,0,7,0,0,0
PKMNHEALED,7,11,0,6,0,0,0
PKMNHEALED,8,11,0,5,0,0,0
PKMNHEALED,9,11,0,4,0,0,0
PKMNHEALED,10,11,0,3,0,0,0
PKMNHEALED,11,11,0,2,0,0,0
PKMNHEALED,12,11,0,1,0,0,0
PKMNHEALED,13,15,1916,14,1915,1915,0
PKMNHEALED,14,15,1916,13,1915,1915,0
PKMNHEALED,15,15,1916,12,1915,1915,0
PKMNHEALED,16,15,1916,11,1915,1915,0
PKMNHEALED,17,15,1916,10,1915,1915,0
PKMNHEALED,18,15,1916,9,1915,1915,0
PKMNHEALED,19,15,1916,8,1915,1915,0
PKMNHEALED,20,15,1916,7,1915,1915,0
PKMNHEALED,21,15,1916,6,1915,1915,0
PKMNHEALED,22,15,1916,5,1915,1915,0
PKMNHEALED,23,15,1916,4,1915,1915,0
PKMNHEALED,24,15,1916,3,1915,1915,0
PKMNHEALED,25,15,1916,2,1915,1915,0
PKMNHEALED,26,15,1916,1,1915,1915,0
PKMNHEALED,27,19,1916,13,1650,266,1916
PKMNHEALED,28,19,1650,12,1650,266,1916
PKMNHEALED,29,19,1650,11,1650,266,1916
PKMNHEALED,30,19,1650,10,1650,266,1916
PKMNHEALED,31,19,1650,9,1650,266,1916
PKMNHEALED,32,19,1650,8,1650,266,1916
PKMNHEALED,33,19,1650,7,1650,266,1916
PKMNHEALED,34,19,1650,6,1650,266,1916
PKMNHEALED,35,19,1650,5,1650,266,1916
PKMNHEALED,36,19,1650,4,1650,266,1916
PKMNHEALED,37,19,1650,3,1650,266,1916
PKMNHEALED,38,19,1650,2,1650,266,1916
PKMNHEALED,39,19,1650,1,1650,266,1916
PKMNHEALED,40,23,1850,14,1849,199,1650
PKMNHEALED,41,23,1850,13,1849,199,1650
PKMNHEALED,42,23,1850,12,1849,199,1650
PKMNHEALED,43,23,1850,11,1849,199,1650
PKMNHEALED,44,23,1850,10,1849,199,1650
PKMNHEALED,45,23,1850,9,1849,199,1650
PKMNHEALED,46,23,1850,8,1849,199,1650
PKMNHEALED,47,23,1850,7,1849,199,1650
PKMNHEALED,48,23,1850,6,1849,199,1650
PKMNHEALED,49,23,1850,5,1849,199,1650
